{"_wandb":{"runtime":881},"_timestamp":1.748224910351514e+09,"_runtime":881.171312,"_step":14999,"loss":0.4088883399963379}