{"loss":3.046086549758911,"_timestamp":1.7481892848114402e+09,"_runtime":48.752776,"_step":3999,"_wandb":{"runtime":49}}