{"_runtime":29.064381,"_step":1499,"loss":3.40382981300354,"_timestamp":1.7482234104809148e+09,"_wandb":{"runtime":29}}