{"_timestamp":1.748223432079674e+09,"_runtime":19.526186,"_wandb":{"runtime":19},"_step":1499,"loss":3.4205636978149414}