{"loss":3.3595387935638428,"_timestamp":1.748223482002754e+09,"_runtime":47.979054,"_step":1499,"_wandb":{"runtime":48}}