{"loss":2.855480670928955,"_timestamp":1.74822384167274e+09,"_runtime":269.484296,"_step":14999,"_wandb":{"runtime":269}}