{"loss":3.455328941345215,"_timestamp":1.748223318312137e+09,"_runtime":2.021679,"_step":14,"_wandb":{"runtime":2}}