{"_wandb":{"runtime":715},"_runtime":715.425244,"_step":36002,"loss":0.5543984770774841,"_timestamp":1.748221223935832e+09}