{"_timestamp":1.748224027159363e+09,"_runtime":183.13431,"_step":14999,"_wandb":{"runtime":183},"loss":3.234954357147217}